1|3|Request|02-06-2024 14:56:45|False|You have 1 pending reschedule requests.|-1
2|3|Review|02-06-2024 14:58:38|False|You have 1 ungraded reservations.|-1
3|3|Request|02-06-2024 14:58:38|False|You have 1 pending reschedule requests.|-1
4|3|Review|02-06-2024 14:59:08|False|You have 1 ungraded reservations.|-1
5|3|Request|02-06-2024 14:59:08|False|You have 1 pending reschedule requests.|-1
6|3|Request|02-06-2024 15:00:23|False|You have 1 pending reschedule requests.|-1
7|3|Request|02-06-2024 15:01:28|False|You have 1 pending reschedule requests.|-1
8|3|Request|02-06-2024 15:02:50|False|You have 1 pending reschedule requests.|-1
9|3|Forum|02-06-2024 15:05:56|False|New forum opened in Brcko, BiH.|-1
10|3|Request|02-06-2024 15:06:18|False|You have 1 pending reschedule requests.|-1
11|3|Request|02-06-2024 15:08:44|False|You have 1 pending reschedule requests.|-1
12|3|Request|02-06-2024 15:11:10|False|You have 1 pending reschedule requests.|-1
13|3|Request|02-06-2024 15:11:31|False|You have 1 pending reschedule requests.|-1
14|3|Request|02-06-2024 15:12:24|False|You have 1 pending reschedule requests.|-1
15|3|Request|02-06-2024 15:13:17|False|You have 1 pending reschedule requests.|-1
16|3|Request|02-06-2024 15:13:46|False|You have 1 pending reschedule requests.|-1
17|3|Request|02-06-2024 15:14:24|False|You have 1 pending reschedule requests.|-1
18|3|Request|02-06-2024 15:16:29|False|You have 1 pending reschedule requests.|-1
19|3|Request|02-06-2024 15:17:45|False|You have 1 pending reschedule requests.|-1
20|3|Forum|02-06-2024 15:20:08|False|New forum opened in Backa Palanka, Novi Sad.|-1
21|3|Request|02-06-2024 15:21:29|False|You have 1 pending reschedule requests.|-1
22|3|Request|02-06-2024 15:28:34|False|You have 1 pending reschedule requests.|-1
23|3|Request|02-06-2024 15:37:40|False|You have 1 pending reschedule requests.|-1
24|3|Request|02-06-2024 23:29:31|False|You have 1 pending reschedule requests.|-1
25|4|TourActive|02-06-2024 23:39:54|False|You have been added to one of your active tours.|23
26|4|TourActive|02-06-2024 23:40:11|False|You have been added to one of your active tours.|24
27|4|TourActive|02-06-2024 23:40:24|False|You have been added to one of your active tours.|25
28|4|TourActive|02-06-2024 23:40:37|False|You have been added to one of your active tours.|26
29|3|Request|03-06-2024 19:31:01|False|You have 1 pending reschedule requests.|-1
